dataset,split,layer,n_records,n_harm,n_safe,auroc,accuracy,f1,precision,recall,mean_p_harm
ood_advbench_alpaca,dev,25,520,260,260,0.9597041420118344,0.9,0.9033457249070632,0.8741007194244604,0.9346153846153846,0.5270972847938538
ood_harmbench_alpaca,dev,25,400,200,200,0.808625,0.7075,0.6377708978328174,0.8373983739837398,0.515,0.3202914297580719
ood_jailbreakbench,dev,25,100,50,50,0.8247999999999999,0.71,0.7478260869565218,0.6615384615384615,0.86,0.6336004137992859
ood_xstest,dev,25,225,100,125,0.8705599999999999,0.8088888888888889,0.7514450867052023,0.8904109589041096,0.65,0.3271055221557617
