dataset,split,layer,n_records,n_harm,n_safe,auroc,accuracy,f1,precision,recall,mean_p_harm
ood_advbench_alpaca,test,25,520,260,260,0.9552958579881656,0.8884615384615384,0.8933823529411765,0.8556338028169014,0.9346153846153846,0.5363085865974426
ood_harmbench_alpaca,test,25,400,200,200,0.79415,0.68,0.6,0.8,0.48,0.31233829259872437
ood_jailbreakbench,test,25,100,50,50,0.7968,0.67,0.7226890756302521,0.6231884057971014,0.86,0.6760169267654419
ood_xstest,test,25,225,100,125,0.8982399999999999,0.8133333333333334,0.7586206896551724,0.8918918918918919,0.66,0.3221270740032196
