dataset,split,n_records,n_harm,n_safe,tfidf_auroc,length_token_auroc,char_len_auroc,qwen_token_count_auroc
ood_advbench_alpaca,dev,520,260,260,0.6492899408284023,0.5965014792899408,0.49481508875739644,0.3974630177514794
ood_advbench_alpaca,test,520,260,260,0.6655473372781064,0.5978032544378697,0.5006434911242603,0.3896671597633136
ood_harmbench_alpaca,dev,400,200,200,0.466,0.3362375,0.6775000000000002,0.6601374999999999
ood_harmbench_alpaca,test,400,200,200,0.477925,0.35593749999999996,0.6658000000000001,0.6325875000000001
ood_jailbreakbench,dev,100,50,50,0.6252,0.4052,0.6254000000000001,0.571
ood_jailbreakbench,test,100,50,50,0.6172,0.3404,0.6834,0.645
ood_xstest,dev,225,100,125,0.63112,0.51596,0.5052,0.49852
ood_xstest,test,225,100,125,0.5805199999999999,0.57128,0.4304,0.43411999999999995
